<?xml version="1.0" encoding="utf-8"?>
<!--
  ~ @package   plg_radicalmart_fields_related
  ~ @version   1.0.0
  ~ @author    Dmitriy Vasyukov - https://fictionlabs.ru
  ~ @copyright Copyright (c) 2022 Fictionlabs. All rights reserved.
  ~ @license   GNU/GPL license: http://www.gnu.org/copyleft/gpl.html
  ~ @link      https://fictionlabs.ru/
  -->

<extension version="3.9" type="plugin" group="radicalmart_fields" method="upgrade">
	<name>PLG_RADICALMART_FIELDS_RELATED</name>
	<creationDate>May 2022</creationDate>
    <author>Dmitriy Vasyukov</author>
    <copyright>Copyright (C) 2005 - 2022 Open Source Matters. All rights reserved.</copyright>
    <license>GNU General Public License version 2 or later; see LICENSE.txt</license>
    <authorEmail>info@fictionlabs.ru</authorEmail>
    <authorUrl>https://fictionlabs.ru</authorUrl>
    <version>1.0.0</version>
    <description>PLG_RADICALMART_FIELDS_RELATED_DESCRIPTION</description>
	<scriptfile>script.php</scriptfile>

	<!-- Plugin languages -->
	<languages folder="language">
		<language tag="en-GB">en-GB/en-GB.plg_radicalmart_fields_related.ini</language>
		<language tag="en-GB">en-GB/en-GB.plg_radicalmart_fields_related.sys.ini</language>
		<language tag="ru-RU">ru-RU/ru-RU.plg_radicalmart_fields_related.ini</language>
		<language tag="ru-RU">ru-RU/ru-RU.plg_radicalmart_fields_related.sys.ini</language>
	</languages>

	<!-- Plugin files -->
	<files>
		<filename plugin="related">related.php</filename>
		<folder>config</folder>
		<folder>tmpl</folder>
		<folder>fields</folder>
	</files>

	<!-- Plugin layouts -->
	<layouts destination="plugins/radicalmart_fields/related" folder="layouts">
		<folder>display</folder>
	</layouts>
</extension>